"Subject","Start Date","Start Time","End Time","Description","End Date","Categories"
"Φαί - Βρες και κλείσε","13/1/2025","00:00:00","00:00:00"," 
","14/1/2025"
"Συναυλίες, Όπερα, Συμφωνική, Μουσεία, άλλα events","6/1/2025","00:00:00","00:00:00","1.	Cultural Enrichment:
	*	Set a reminder to book a guided tour of a local art gallery or museum.
	*	Schedule an evening to attend a poetry reading or a play at a community theater.
2.	Reconnecting:
	*	Plan a weekend to visit a hometown or a place with sentimental value.
	*	Arrange a catch-up call or a reunion with an old friend or a group of friends from your past.
3.	Outdoor Adventures:
	*	Organize a day trip to a national park or a botanical garden.
	*	Book a lesson or a guided experience for outdoor activities like kayaking, rock climbing, or mountain biking.
4.	Creative Outlets:
	*	Enroll in a workshop or a class for something you've never tried before, like pottery, painting, or dance.
	*	Set aside time to start writing a blog, a story, or even begin a video vlog.
5.	Culinary Experiences:
	*	Plan to attend a food festival or a street food market to try new cuisines.
	*	Schedule a cooking class to learn how to prepare a dish from a different culture.
6.	Personal Challenges:
	*	Book a tandem skydiving jump or a flying lesson to overcome fears and enjoy the thrill.
	*	Commit to a ""DIY Day"" where you build or create something from scratch—like homebrewing beer or assembling a piece of furniture.
7.	Health and Wellness:
	*	Sign up for a yoga retreat or a meditation workshop to improve mental and physical well-being.
	*	Arrange regular hiking or cycling weekends to explore new trails while keeping fit.
8.	Entertainment and Arts:
	*	Reserve tickets for an upcoming opera, ballet, or symphony orchestra performance.
	*	Look for a local jazz club or an open-mic night and schedule a visit.
9.	Learning and Development:
	*	Register for a language learning class or a cultural exchange meetup.
	*	Find a lecture or a seminar on a topic you're curious about, like astronomy or history, and book your spot.
10.	Adventure and Sport:
*         Plan a horseback riding session in the countryside.
*         Look into scuba diving certifications or surf lessons if you're near the coast.
 
","7/1/2025"
"Erroneous Tasks (Invoices for Month Send to octapus)","13/1/2025","17:00:00","17:45:00","uid-147783-58@import.octopus.be <mailto:uid-147783-58@import.octopus.be> 
","13/1/2025","Erroneοus Tasks"
"Φίλοι (Αποστόλης)","5/1/2025","19:00:00","23:00:00","","5/1/2025","Φίλοι"
"Πτήση Aegean Airlines 622 προς Brussels (8SX58G)","12/1/2025","14:30:00","17:50:00","Πτήση Aegean Airlines 622 (3 ώρες, 20 λεπτά)
Κωδικός επιβεβαίωσης: 8SX58G
 
Επιβάτες: VOGIAS/DIMITRIOS MR
 
Αναχώρηση στις 15:30 την Κυριακή, 12 Ιανουαρίου 2025 από Athens (ATH)
 
Άφιξη στις 17:50 την Κυριακή, 12 Ιανουαρίου 2025 σε Brussels (BRU)
 
Εμφάνιση τοπικής ώρας αεροδρομίου.
 
 
Αυτό το συμβάν προστέθηκε αυτόματα στο ημερολόγιό σας από ηλεκτρονικό ταχυδρομείο από το Outlook.
 
","12/1/2025"
"Erroneous Tasks (Bolero)","14/1/2025","17:00:00","17:45:00"," 
","14/1/2025","Erroneοus Tasks"
"Erroneous Tasks ()","7/1/2025","19:30:00","20:15:00"," 
","7/1/2025","Erroneοus Tasks"
"Erroneous Tasks (LoopCV)","16/1/2025","17:00:00","18:15:00"," 
","16/1/2025","Erroneοus Tasks"
"Break","15/1/2025","13:45:00","14:30:00"," 
","15/1/2025","Break"
"Break","13/1/2025","14:30:00","14:45:00"," 
","13/1/2025","Break"
"Break","14/1/2025","12:00:00","13:30:00"," 
","14/1/2025","Break"
"Break","14/1/2025","10:30:00","10:45:00"," 
","14/1/2025","Break"
"Break","15/1/2025","11:00:00","11:15:00"," 
","15/1/2025","Break"
"Break","15/1/2025","12:00:00","13:00:00"," 
","15/1/2025","Break"
"Break","16/1/2025","09:30:00","09:45:00"," 
","16/1/2025","Break"
"Break","17/1/2025","14:30:00","15:00:00"," 
","17/1/2025","Break"
"Break","17/1/2025","11:00:00","11:30:00"," 
","17/1/2025","Break"
"Break","16/1/2025","12:00:00","13:00:00"," 
","16/1/2025","Break"
"Break","13/1/2025","12:00:00","13:00:00"," 
","13/1/2025","Break"
"Break","10/1/2025","14:30:00","15:00:00"," 
","10/1/2025","Break"
"Break","10/1/2025","12:00:00","13:00:00"," 
","10/1/2025","Break"
"Break","10/1/2025","10:30:00","11:00:00"," 
","10/1/2025","Break"
"Other","6/1/2025","18:30:00","19:00:00"," 
","6/1/2025","Other"
"<3","6/1/2025","19:00:00","22:30:00"," 
","6/1/2025","<3"
"Ύπνος","6/1/2025","23:30:00","00:00:00"," 
","7/1/2025","Ύπνος"
"Ύπνος","7/1/2025","00:00:00","08:00:00"," 
","7/1/2025","Ύπνος"
"Εργασία","7/1/2025","11:15:00","12:00:00"," 
","7/1/2025","Εργασία"
"Εργασία","7/1/2025","13:00:00","14:00:00"," 
","7/1/2025","Εργασία"
"Εργασία","7/1/2025","15:00:00","16:15:00"," 
","7/1/2025","Εργασία"
"Other","7/1/2025","18:30:00","19:00:00"," 
","7/1/2025","Other"
,"7/1/2025","20:45:00","21:00:00"," 
","7/1/2025","Yellow category"
"Ύπνος","3/1/2025","00:00:00","08:30:00"," 
","3/1/2025","Ύπνος"
"Ύπνος","7/1/2025","23:30:00","00:00:00"," 
","8/1/2025","Ύπνος"
"Ύπνος","4/1/2025","00:00:00","09:00:00"," 
","4/1/2025","Ύπνος"
"Ύπνος","5/1/2025","01:00:00","07:30:00"," 
","5/1/2025","Ύπνος"
"Ύπνος","6/1/2025","00:00:00","09:00:00"," 
","6/1/2025","Ύπνος"
"Ύπνος","8/1/2025","00:00:00","08:00:00"," 
","8/1/2025","Ύπνος"
"Ύπνος","10/1/2025","01:30:00","08:00:00"," 
","10/1/2025","Ύπνος"
"Other","10/1/2025","08:00:00","08:15:00"," 
","10/1/2025","Other"
"Εργασία","10/1/2025","08:15:00","10:30:00"," 
","10/1/2025","Εργασία"
"Εργασία","10/1/2025","11:00:00","12:00:00"," 
","10/1/2025","Εργασία"
"Εργασία","10/1/2025","13:00:00","14:30:00"," 
","10/1/2025","Εργασία"
"Εργασία","10/1/2025","15:00:00","17:00:00"," 
","10/1/2025","Εργασία"
"Ύπνος","11/1/2025","00:00:00","08:30:00"," 
","11/1/2025","Ύπνος"
"Ύπνος","12/1/2025","00:00:00","08:30:00"," 
","12/1/2025","Ύπνος"
"<3","9/1/2025","20:30:00","00:00:00"," 
","10/1/2025","<3"
"Εργασία","8/1/2025","10:00:00","11:00:00"," 
","8/1/2025","Εργασία"
"Εργασία","8/1/2025","11:15:00","12:15:00"," 
","8/1/2025","Εργασία"
"Εργασία","8/1/2025","13:00:00","14:30:00"," 
","8/1/2025","Εργασία"
"Εργασία","8/1/2025","14:45:00","16:15:00"," 
","8/1/2025","Εργασία"
"Ύπνος","8/1/2025","23:45:00","00:00:00"," 
","9/1/2025","Ύπνος"
"Ύπνος","9/1/2025","01:00:00","08:00:00"," 
","9/1/2025","Ύπνος"
"Εργασία","9/1/2025","08:30:00","10:00:00"," 
","9/1/2025","Εργασία"
"Εργασία","9/1/2025","10:45:00","12:00:00"," 
","9/1/2025","Εργασία"
"Εργασία","9/1/2025","12:30:00","14:00:00"," 
","9/1/2025","Εργασία"
"Εργασία","9/1/2025","14:45:00","17:00:00"," 
","9/1/2025","Εργασία"
"Ύπνος","2/1/2025","00:00:00","08:00:00"," 
","2/1/2025","Ύπνος"
"Ύπνος","1/1/2025","02:45:00","09:00:00"," 
","1/1/2025","Ύπνος"
"Εργασία","17/1/2025","15:00:00","17:00:00"," 
","17/1/2025","Εργασία"
"Ύπνος","18/1/2025","02:15:00","08:30:00"," 
","18/1/2025","Ύπνος"
"Ύπνος","19/1/2025","01:30:00","09:30:00"," 
","19/1/2025","Ύπνος"
"Εργασία","17/1/2025","13:00:00","14:30:00"," 
","17/1/2025","Εργασία"
"Ύπνος","13/1/2025","00:00:00","07:15:00"," 
","13/1/2025","Ύπνος"
"Other","13/1/2025","07:15:00","08:00:00"," 
","13/1/2025","Other"
"Διάβασμα","13/1/2025","08:00:00","08:30:00"," 
","13/1/2025","Διάβασμα"
"Εργασία","13/1/2025","13:00:00","14:30:00"," 
","13/1/2025","Εργασία"
"Εργασία","13/1/2025","14:45:00","17:00:00"," 
","13/1/2025","Εργασία"
"<3","13/1/2025","21:00:00","22:15:00"," 
","13/1/2025","<3"
"Σπίτι","13/1/2025","22:30:00","23:00:00"," 
","13/1/2025","Σπίτι"
"Ύπνος","14/1/2025","00:30:00","07:15:00"," 
","14/1/2025","Ύπνος"
"Other","14/1/2025","07:15:00","08:30:00"," 
","14/1/2025","Other"
"Σπίτι","15/1/2025","19:30:00","20:00:00"," 
","15/1/2025","Σπίτι"
"Ύπνος","16/1/2025","00:00:00","07:15:00"," 
","16/1/2025","Ύπνος"
"Other","16/1/2025","07:15:00","08:15:00"," 
","16/1/2025","Other"
"Other","16/1/2025","08:45:00","09:00:00"," 
","16/1/2025","Other"
"Διάβασμα","16/1/2025","08:15:00","08:45:00"," 
","16/1/2025","Διάβασμα"
"Εργασία","16/1/2025","09:00:00","09:30:00"," 
","16/1/2025","Εργασία"
"Εργασία","16/1/2025","09:45:00","12:00:00"," 
","16/1/2025","Εργασία"
"Εργασία","16/1/2025","13:00:00","14:45:00"," 
","16/1/2025","Εργασία"
"Οικογένεια","14/1/2025","22:30:00","23:15:00"," 
","14/1/2025","Οικογένεια"
"Εργασία","16/1/2025","15:00:00","17:00:00"," 
","16/1/2025","Εργασία"
"Χαζεύω","16/1/2025","19:45:00","20:15:00"," 
","16/1/2025","Χαζεύω"
"Ύπνος","17/1/2025","00:00:00","07:15:00"," 
","17/1/2025","Ύπνος"
"Other","17/1/2025","09:15:00","09:30:00"," 
","17/1/2025","Other"
"Other","17/1/2025","08:15:00","09:00:00"," 
","17/1/2025","Other"
"Διάβασμα","17/1/2025","09:00:00","09:15:00"," 
","17/1/2025","Διάβασμα"
"Εργασία","17/1/2025","11:30:00","12:00:00"," 
","17/1/2025","Εργασία"
"Χαζεύω","15/1/2025","20:00:00","22:30:00"," 
","15/1/2025","Χαζεύω"
"Εργασία","14/1/2025","09:00:00","10:30:00"," 
","14/1/2025","Εργασία"
"Εργασία","14/1/2025","10:45:00","12:00:00"," 
","14/1/2025","Εργασία"
"Εργασία","14/1/2025","13:30:00","15:00:00"," 
","14/1/2025","Εργασία"
"Εργασία","14/1/2025","15:00:00","17:00:00"," 
","14/1/2025","Εργασία"
"Other","14/1/2025","17:45:00","18:30:00"," 
","14/1/2025","Other"
"<3","14/1/2025","19:45:00","20:15:00"," 
","14/1/2025","<3"
"Σπίτι","14/1/2025","18:45:00","19:15:00"," 
","14/1/2025","Σπίτι"
"Ύπνος","15/1/2025","00:00:00","07:15:00"," 
","15/1/2025","Ύπνος"
"Other","15/1/2025","07:45:00","08:15:00"," 
","15/1/2025","Other"
"Εργασία","15/1/2025","09:15:00","11:00:00"," 
","15/1/2025","Εργασία"
"Εργασία","15/1/2025","11:15:00","12:00:00"," 
","15/1/2025","Εργασία"
"Εργασία","15/1/2025","13:00:00","13:45:00"," 
","15/1/2025","Εργασία"
"Εργασία","15/1/2025","14:30:00","18:00:00"," 
","15/1/2025","Εργασία"
"Ύπνος","14/1/2025","23:30:00","00:00:00"," 
","15/1/2025","Ύπνος"
"<3","2/1/2025","19:30:00","22:45:00"," 
","2/1/2025","<3"
"<3","3/1/2025","10:30:00","11:00:00"," 
","3/1/2025","<3"
"Εργασία","3/1/2025","11:00:00","12:00:00"," 
","3/1/2025","Εργασία"
"Εργασία","3/1/2025","09:00:00","09:30:00"," 
","3/1/2025","Εργασία"
"Χαζεύω","3/1/2025","09:30:00","10:00:00"," 
","3/1/2025","Χαζεύω"
"Εργασία","3/1/2025","10:00:00","10:30:00"," 
","3/1/2025","Εργασία"
"Erroneous Tasks (Αργεντινή)","2/1/2025","18:00:00","19:30:00"," 
","2/1/2025","Erroneοus Tasks"
"<3","2/1/2025","17:00:00","18:00:00"," 
","2/1/2025","<3"
"Οικογένεια","2/1/2025","08:30:00","17:00:00"," 
","2/1/2025","Οικογένεια"
"Σπίτι","2/1/2025","22:45:00","23:00:00"," 
","2/1/2025","Σπίτι"
"Other","2/1/2025","23:00:00","23:30:00"," 
","2/1/2025","Other"
"Ύπνος","2/1/2025","23:30:00","00:00:00"," 
","3/1/2025","Ύπνος"
"<3","3/1/2025","08:30:00","09:00:00"," 
","3/1/2025","<3"
"Ύπνος","1/1/2025","22:45:00","00:00:00"," 
","2/1/2025","Ύπνος"
"Χαζεύω","2/1/2025","08:00:00","08:30:00"," 
","2/1/2025","Χαζεύω"
"<3","1/1/2025","00:30:00","02:15:00"," 
","1/1/2025","<3"
"Χαζεύω","1/1/2025","09:00:00","09:30:00"," 
","1/1/2025","Χαζεύω"
"Οικογένεια","1/1/2025","09:30:00","18:00:00"," 
","1/1/2025","Οικογένεια"
"Χαζεύω","1/1/2025","18:00:00","19:00:00"," 
","1/1/2025","Χαζεύω"
"Οικογένεια","1/1/2025","19:00:00","22:45:00"," 
","1/1/2025","Οικογένεια"
"Other","1/1/2025","00:00:00","00:30:00"," 
","1/1/2025","Other"
"Other","1/1/2025","02:15:00","02:45:00"," 
","1/1/2025","Other"
"Εργασία","3/1/2025","13:30:00","14:00:00"," 
","3/1/2025","Εργασία"
"Χαζεύω","3/1/2025","12:00:00","13:30:00"," 
","3/1/2025","Χαζεύω"
"Εργασία","3/1/2025","14:00:00","15:00:00"," 
","3/1/2025","Εργασία"
"Εργασία","3/1/2025","15:15:00","15:45:00"," 
","3/1/2025","Εργασία"
"<3","3/1/2025","17:00:00","23:00:00"," 
","3/1/2025","<3"
"Other","3/1/2025","15:00:00","15:15:00"," 
","3/1/2025","Other"
"Erroneous Tasks ()","3/1/2025","15:45:00","16:00:00"," 
","3/1/2025","Erroneοus Tasks"
"Χαζεύω","7/1/2025","08:00:00","09:00:00"," 
","7/1/2025","Χαζεύω"
"Other","7/1/2025","09:00:00","09:30:00"," 
","7/1/2025","Other"
"Χαζεύω","6/1/2025","22:30:00","23:30:00"," 
","6/1/2025","Χαζεύω"
"Other","6/1/2025","09:00:00","09:30:00"," 
","6/1/2025","Other"
"<3","6/1/2025","10:00:00","16:00:00"," 
","6/1/2025","<3"
"Σπίτι","6/1/2025","09:30:00","10:00:00"," 
","6/1/2025","Σπίτι"
"<3","5/1/2025","08:30:00","19:00:00"," 
","5/1/2025","<3"
"<3","5/1/2025","23:00:00","00:00:00"," 
","6/1/2025","<3"
"Other","5/1/2025","07:30:00","08:00:00"," 
","5/1/2025","Other"
"Σπίτι","5/1/2025","08:00:00","08:30:00"," 
","5/1/2025","Σπίτι"
"Erroneous Tasks (Αργεντινή)","6/1/2025","16:00:00","18:30:00"," 
","6/1/2025","Erroneοus Tasks"
"<3","4/1/2025","09:00:00","17:00:00"," 
","4/1/2025","<3"
"Other","5/1/2025","00:00:00","00:30:00"," 
","5/1/2025","Other"
"<3","5/1/2025","00:30:00","01:00:00"," 
","5/1/2025","<3"
"Erroneous Tasks ()","4/1/2025","17:00:00","00:00:00"," 
","5/1/2025","Erroneοus Tasks"
"Other","3/1/2025","23:00:00","23:30:00"," 
","3/1/2025","Other"
"Σπίτι","3/1/2025","23:30:00","00:00:00"," 
","4/1/2025","Σπίτι"
"Εργασία","3/1/2025","16:00:00","17:00:00"," 
","3/1/2025","Εργασία"
"Erroneous Tasks ()","7/1/2025","09:30:00","09:45:00"," 
","7/1/2025","Erroneοus Tasks"
"Χαζεύω","7/1/2025","09:45:00","11:15:00"," 
","7/1/2025","Χαζεύω"
"Σπίτι","7/1/2025","12:30:00","13:00:00"," 
","7/1/2025","Σπίτι"
"Χαζεύω","7/1/2025","12:00:00","12:30:00"," 
","7/1/2025","Χαζεύω"
"Χαζεύω","7/1/2025","14:00:00","15:00:00"," 
","7/1/2025","Χαζεύω"
"Other","7/1/2025","16:15:00","16:30:00"," 
","7/1/2025","Other"
"Χαζεύω","7/1/2025","20:15:00","20:45:00"," 
","7/1/2025","Χαζεύω"
"Σπίτι","7/1/2025","19:00:00","19:30:00"," 
","7/1/2025","Σπίτι"
"<3","7/1/2025","17:00:00","18:30:00"," 
","7/1/2025","<3"
"Σπίτι","7/1/2025","16:30:00","17:00:00"," 
","7/1/2025","Σπίτι"
"<3","7/1/2025","21:00:00","22:30:00"," 
","7/1/2025","<3"
"Χαζεύω","8/1/2025","08:00:00","10:00:00"," 
","8/1/2025","Χαζεύω"
"Διάβασμα","7/1/2025","22:30:00","23:00:00"," 
","7/1/2025","Διάβασμα"
"Other","7/1/2025","23:00:00","23:30:00"," 
","7/1/2025","Other"
"Εργασία","8/1/2025","16:30:00","17:30:00"," 
","8/1/2025","Εργασία"
"Other","8/1/2025","12:30:00","13:00:00"," 
","8/1/2025","Other"
"Χαζεύω","8/1/2025","11:00:00","11:15:00"," 
","8/1/2025","Χαζεύω"
"Σπίτι","8/1/2025","12:15:00","12:30:00"," 
","8/1/2025","Σπίτι"
"Σπίτι","8/1/2025","14:30:00","14:45:00"," 
","8/1/2025","Σπίτι"
"<3","8/1/2025","23:00:00","23:45:00"," 
","8/1/2025","<3"
"Φίλοι ()","8/1/2025","18:30:00","22:30:00","","8/1/2025","Φίλοι"
"Other","8/1/2025","22:30:00","23:00:00"," 
","8/1/2025","Other"
"Διάβασμα","8/1/2025","18:15:00","18:30:00"," 
","8/1/2025","Διάβασμα"
"Χαζεύω","9/1/2025","10:00:00","10:30:00"," 
","9/1/2025","Χαζεύω"
"Break","9/1/2025","10:30:00","10:45:00"," 
","9/1/2025","Break"
"Σπίτι","9/1/2025","12:00:00","12:15:00"," 
","9/1/2025","Σπίτι"
"Χαζεύω","9/1/2025","12:15:00","12:30:00"," 
","9/1/2025","Χαζεύω"
"Σπίτι","9/1/2025","14:00:00","14:15:00"," 
","9/1/2025","Σπίτι"
"Other","9/1/2025","14:15:00","14:45:00"," 
","9/1/2025","Other"
"Φίλοι ()","9/1/2025","17:00:00","20:30:00","","9/1/2025","Φίλοι"
"<3","8/1/2025","17:30:00","18:00:00"," 
","8/1/2025","<3"
"Other","8/1/2025","18:00:00","18:15:00"," 
","8/1/2025","Other"
"<3","10/1/2025","17:00:00","00:00:00"," 
","11/1/2025","<3"
"Erroneous Tasks ()","13/1/2025","09:00:00","12:00:00"," 
","13/1/2025","Erroneοus Tasks"
"Other","13/1/2025","08:30:00","09:00:00"," 
","13/1/2025","Other"
"Other","13/1/2025","22:15:00","22:30:00"," 
","13/1/2025","Other"
"Σπίτι","13/1/2025","20:30:00","21:00:00"," 
","13/1/2025","Σπίτι"
"Σπίτι","13/1/2025","18:00:00","19:00:00"," 
","13/1/2025","Σπίτι"
"Other","13/1/2025","17:45:00","18:00:00"," 
","13/1/2025","Other"
"Other","13/1/2025","19:00:00","19:30:00"," 
","13/1/2025","Other"
"Φίλοι (Xavier)","15/1/2025","08:15:00","09:15:00","","15/1/2025","Φίλοι"
"Χαζεύω","15/1/2025","07:15:00","07:45:00"," 
","15/1/2025","Χαζεύω"
"Χαζεύω","14/1/2025","20:15:00","22:00:00"," 
","14/1/2025","Χαζεύω"
"Διάβασμα","14/1/2025","08:30:00","09:00:00"," 
","14/1/2025","Διάβασμα"
"Διάβασμα","14/1/2025","18:30:00","18:45:00"," 
","14/1/2025","Διάβασμα"
"Other","14/1/2025","19:15:00","19:45:00"," 
","14/1/2025","Other"
"Other","14/1/2025","22:00:00","22:30:00"," 
","14/1/2025","Other"
"<3","14/1/2025","23:15:00","23:30:00"," 
","14/1/2025","<3"
"Χαζεύω","13/1/2025","23:00:00","00:00:00"," 
","14/1/2025","Χαζεύω"
"Χαζεύω","14/1/2025","00:00:00","00:30:00"," 
","14/1/2025","Χαζεύω"
"Χαζεύω","13/1/2025","19:30:00","20:30:00"," 
","13/1/2025","Χαζεύω"
"Break","16/1/2025","14:45:00","15:00:00"," 
","16/1/2025","Break"
"Φίλοι ()","15/1/2025","18:00:00","19:30:00","","15/1/2025","Φίλοι"
"<3","15/1/2025","22:30:00","22:45:00"," 
","15/1/2025","<3"
"Other","15/1/2025","22:45:00","23:15:00"," 
","15/1/2025","Other"
"Χαζεύω","15/1/2025","23:15:00","00:00:00"," 
","16/1/2025","Χαζεύω"
"Erroneous Tasks ()","17/1/2025","09:30:00","10:30:00"," 
","17/1/2025","Erroneοus Tasks"
"Φίλοι ()","16/1/2025","18:15:00","19:00:00","","16/1/2025","Φίλοι"
"Χαζεύω","17/1/2025","07:15:00","08:15:00"," 
","17/1/2025","Χαζεύω"
"Οικογένεια","16/1/2025","22:30:00","22:45:00"," 
","16/1/2025","Οικογένεια"
"<3","16/1/2025","20:15:00","22:30:00"," 
","16/1/2025","<3"
"<3","16/1/2025","19:00:00","19:15:00"," 
","16/1/2025","<3"
"Σπίτι","16/1/2025","19:15:00","19:45:00"," 
","16/1/2025","Σπίτι"
"Other","16/1/2025","22:45:00","23:15:00"," 
","16/1/2025","Other"
"Χαζεύω","16/1/2025","23:15:00","00:00:00"," 
","17/1/2025","Χαζεύω"
"Εργασία","17/1/2025","10:30:00","11:00:00"," 
","17/1/2025","Εργασία"
"Break","17/1/2025","12:00:00","13:00:00"," 
","17/1/2025","Break"
"Φίλοι ()","17/1/2025","17:15:00","21:00:00","","17/1/2025","Φίλοι"
"<3","17/1/2025","17:00:00","17:15:00"," 
","17/1/2025","<3"
"Κουτόβας","19/1/2025","13:30:00","18:00:00"," 
","19/1/2025","Yellow category"
"Erroneous Tasks ()","18/1/2025","18:00:00","19:00:00","Κλήσεις ακύρωση, 
εισητήρια business class,
Αργεντινή,
Edenred, 
άλλη χαρτούρα, μπολέρο, δες! 
Οδοντίατρος
Δώρο Λάμπρου
 
 
","18/1/2025","Erroneοus Tasks"
"<3","17/1/2025","21:00:00","22:00:00"," 
","17/1/2025","<3"
"<3","11/1/2025","09:00:00","18:00:00"," 
","11/1/2025","<3"
"Φίλοι ()","11/1/2025","18:00:00","23:00:00","","11/1/2025","Φίλοι"
"<3","11/1/2025","23:00:00","23:45:00"," 
","11/1/2025","<3"
"<3","12/1/2025","09:00:00","13:00:00"," 
","12/1/2025","<3"
"Other","12/1/2025","13:00:00","13:30:00"," 
","12/1/2025","Other"
"Διάβασμα","12/1/2025","13:30:00","14:00:00"," 
","12/1/2025","Διάβασμα"
"Other","11/1/2025","08:30:00","09:00:00"," 
","11/1/2025","Other"
"Other","12/1/2025","08:30:00","09:00:00"," 
","12/1/2025","Other"
"Other","12/1/2025","14:00:00","14:30:00"," 
","12/1/2025","Other"
"Ύπνος","12/1/2025","14:30:00","17:00:00"," 
","12/1/2025","Ύπνος"
"Διάβασμα","12/1/2025","17:00:00","17:15:00"," 
","12/1/2025","Διάβασμα"
"Other","12/1/2025","17:15:00","18:30:00"," 
","12/1/2025","Other"
"Χαζεύω","12/1/2025","18:30:00","19:30:00"," 
","12/1/2025","Χαζεύω"
"Διάβασμα","12/1/2025","19:45:00","20:00:00"," 
","12/1/2025","Διάβασμα"
"Other","12/1/2025","19:30:00","19:45:00"," 
","12/1/2025","Other"
"Χαζεύω","12/1/2025","20:00:00","20:15:00"," 
","12/1/2025","Χαζεύω"
"Σπίτι","12/1/2025","20:15:00","22:00:00"," 
","12/1/2025","Σπίτι"
"Χαζεύω","12/1/2025","22:00:00","23:30:00"," 
","12/1/2025","Χαζεύω"
"Ύπνος","12/1/2025","23:30:00","00:00:00"," 
","13/1/2025","Ύπνος"
"Ύπνος","11/1/2025","23:45:00","00:00:00"," 
","12/1/2025","Ύπνος"
"<3","10/1/2025","00:00:00","01:30:00"," 
","10/1/2025","<3"
"Other","9/1/2025","08:00:00","08:30:00"," 
","9/1/2025","Other"
"<3","19/1/2025","11:00:00","11:15:00"," 
","19/1/2025","<3"
"<3","18/1/2025","10:15:00","11:15:00"," 
","18/1/2025","<3"
"Οικογένεια","18/1/2025","19:00:00","19:45:00"," 
","18/1/2025","Οικογένεια"
"<3","19/1/2025","22:45:00","23:00:00"," 
","19/1/2025","<3"
"Σπίτι","18/1/2025","08:30:00","09:00:00"," 
","18/1/2025","Σπίτι"
"<3","18/1/2025","21:00:00","00:00:00"," 
","19/1/2025","<3"
"Χαζεύω","17/1/2025","22:00:00","23:15:00"," 
","17/1/2025","Χαζεύω"
"Χαζεύω","18/1/2025","19:45:00","21:00:00"," 
","18/1/2025","Χαζεύω"
"<3","19/1/2025","00:00:00","01:00:00"," 
","19/1/2025","<3"
"Χαζεύω","19/1/2025","11:15:00","12:30:00"," 
","19/1/2025","Χαζεύω"
"Χαζεύω","19/1/2025","09:30:00","10:30:00"," 
","19/1/2025","Χαζεύω"
"Ύπνος","18/1/2025","12:30:00","15:30:00"," 
","18/1/2025","Ύπνος"
"Χαζεύω","19/1/2025","01:00:00","01:30:00"," 
","19/1/2025","Χαζεύω"
"Other","18/1/2025","17:30:00","18:00:00"," 
","18/1/2025","Other"
"Χαζεύω","18/1/2025","15:30:00","17:30:00"," 
","18/1/2025","Χαζεύω"
"Χαζεύω","18/1/2025","09:00:00","10:15:00"," 
","18/1/2025","Χαζεύω"
"Χαζεύω","18/1/2025","11:15:00","12:30:00"," 
","18/1/2025","Χαζεύω"
"Χαζεύω","17/1/2025","23:15:00","00:00:00"," 
","18/1/2025","Χαζεύω"
"Χαζεύω","18/1/2025","00:00:00","02:15:00"," 
","18/1/2025","Χαζεύω"
"Σπίτι","19/1/2025","10:30:00","11:00:00"," 
","19/1/2025","Σπίτι"
"Other","19/1/2025","12:30:00","13:30:00"," 
","19/1/2025","Other"
"Erroneous Tasks ()","19/1/2025","20:00:00","21:30:00","Κλήσεις ακύρωση, 
εισητήρια business class,
Αργεντινή,
Edenred, 
άλλη χαρτούρα, μπολέρο, δες! 
Οδοντίατρος
Δώρο Λάμπρου
 
 
","19/1/2025","Erroneοus Tasks"
"Other","19/1/2025","22:15:00","22:45:00"," 
","19/1/2025","Other"
"Ύπνος","19/1/2025","23:00:00","00:00:00"," 
","20/1/2025","Ύπνος"
"Other","19/1/2025","18:00:00","18:30:00"," 
","19/1/2025","Other"
"Χαζεύω","19/1/2025","18:30:00","19:00:00"," 
","19/1/2025","Χαζεύω"
"Σπίτι","19/1/2025","19:00:00","19:30:00"," 
","19/1/2025","Σπίτι"
"Χαζεύω","19/1/2025","19:30:00","20:00:00"," 
","19/1/2025","Χαζεύω"
"Χαζεύω","19/1/2025","21:30:00","22:15:00"," 
","19/1/2025","Χαζεύω"
